post_title,post_score,post_url,subreddit,comment_text,comment_score,created_utc
'A Minecraft Movie' - Review Thread,1334,https://www.reddit.com/r/movies/comments/1jpwpq1/a_minecraft_movie_review_thread/,movies,"A 101 minute lobotomy üíÄ 

this movie is gonna make so much money lmao",3320,2025-04-02 15:24:42
'A Minecraft Movie' - Review Thread,1334,https://www.reddit.com/r/movies/comments/1jpwpq1/a_minecraft_movie_review_thread/,movies,RIP Minecraft Best Picture hype,1297,2025-04-02 15:18:11
'A Minecraft Movie' - Review Thread,1334,https://www.reddit.com/r/movies/comments/1jpwpq1/a_minecraft_movie_review_thread/,movies,Just came back from seeing it with my 7 year old daughter. The crowd was clapping and cheering for references I‚Äôm not even close to getting. This movi,1652,2025-04-02 15:45:09
Official Discussion - A Minecraft Movie [SPOILERS],616,https://www.reddit.com/r/movies/comments/1jr0qff/official_discussion_a_minecraft_movie_spoilers/,movies,This movie was absurd in the best ways. I was genuinely cracking up for a shocking amount of moments. It was just so ridiculous and it somehow worked.,475,2025-04-03 22:43:16
Official Discussion - A Minecraft Movie [SPOILERS],616,https://www.reddit.com/r/movies/comments/1jr0qff/official_discussion_a_minecraft_movie_spoilers/,movies,"I'm honestly kind of glad they didn't turn jack black's Steve as a cowardly side character made for just jokes, but instead he's actually skilled and ",389,2025-04-04 06:50:26
Official Discussion - A Minecraft Movie [SPOILERS],616,https://www.reddit.com/r/movies/comments/1jr0qff/official_discussion_a_minecraft_movie_spoilers/,movies,That is the widest rating spread I‚Äôve seen on an r/movies poll wow,343,2025-04-04 00:31:28
'A Minecraft Movie' Director Supports The Chaos That's Happening During Theater Screenings of His Film,5332,https://www.indiewire.com/news/general-news/a-minecraft-movie-director-supports-chaos-in-theaters-1235115153/,movies,Minecraft 2 is gonna be filled with so much Jack Black just saying whatever he sees BC of the memes. They're gonna overdo it into the dirt.,4574,2025-04-12 14:45:04
'A Minecraft Movie' Director Supports The Chaos That's Happening During Theater Screenings of His Film,5332,https://www.indiewire.com/news/general-news/a-minecraft-movie-director-supports-chaos-in-theaters-1235115153/,movies,i feel so bad for the movie theatre workers but the studio is LOVING this mayhem and they can‚Äôt WAIT to green light Minecraft 2 JUST in hopes of getti,453,2025-04-12 15:50:28
'A Minecraft Movie' Director Supports The Chaos That's Happening During Theater Screenings of His Film,5332,https://www.indiewire.com/news/general-news/a-minecraft-movie-director-supports-chaos-in-theaters-1235115153/,movies,">Ironically, Hess was more annoyed by the concept of a ‚ÄúChicken Jockey‚Äù trend before the movie came out, as his college-aged son, Elliot, would not st",1228,2025-04-12 14:37:17
Official Poster for the 'Minecraft' Movie,4897,https://i.redd.it/8mek6jc6ismd1.jpeg,movies,"Hey, Jack black here's a blue shirt, Jason Mamoa here's a cheap wig, step onto this green screen please we only need 2 hours of your time lol.",415,2024-09-04 10:02:04
Official Poster for the 'Minecraft' Movie,4897,https://i.redd.it/8mek6jc6ismd1.jpeg,movies,The children yearn for the mines.,3124,2024-09-04 09:17:34
Official Poster for the 'Minecraft' Movie,4897,https://i.redd.it/8mek6jc6ismd1.jpeg,movies,"So, Is this thing based on the Bedrock version or the Java version ?",1824,2024-09-04 09:14:56
"April 4-6 Box Office Recap: 'A Minecraft Movie' massively over-performs, debuting with a colossal $162.7 million domestically. Worldwide, it earned $313.4 million, the second biggest debut for a video game movie.",1575,https://www.reddit.com/r/movies/comments/1jtyamn/april_46_box_office_recap_a_minecraft_movie/,movies,Minimum at least 3 Minecraft movie sequels coming after opening weekend.,614,2025-04-07 18:59:40
"April 4-6 Box Office Recap: 'A Minecraft Movie' massively over-performs, debuting with a colossal $162.7 million domestically. Worldwide, it earned $313.4 million, the second biggest debut for a video game movie.",1575,https://www.reddit.com/r/movies/comments/1jtyamn/april_46_box_office_recap_a_minecraft_movie/,movies,Anyone who thought this movie wouldn‚Äôt bring in a truckload of money has never spent time around children.,403,2025-04-07 21:01:20
"April 4-6 Box Office Recap: 'A Minecraft Movie' massively over-performs, debuting with a colossal $162.7 million domestically. Worldwide, it earned $313.4 million, the second biggest debut for a video game movie.",1575,https://www.reddit.com/r/movies/comments/1jtyamn/april_46_box_office_recap_a_minecraft_movie/,movies,Warner Bros. essentially reinvigorated the box office after weeks of underperforming films. That hasn‚Äôt been said too often lately.,435,2025-04-07 18:36:55
Jack Black Joins 'Minecraft' Movie at Warner Bros,7170,https://deadline.com/2024/01/minecraft-jack-black-1235693816/,movies,I‚Äôve wondered what Rob Macelhenny‚Äôs version would‚Äôve looked like,520,2024-01-02 14:23:53
Jack Black Joins 'Minecraft' Movie at Warner Bros,7170,https://deadline.com/2024/01/minecraft-jack-black-1235693816/,movies,"He's playing Steve.

Production is about to start and he joins Jason Mamoa, Emma Myers, Danielle Brooks, Sebastian Eugene Hansen, and ~~Matt Berry~~, ",919,2024-01-02 14:06:24
Jack Black Joins 'Minecraft' Movie at Warner Bros,7170,https://deadline.com/2024/01/minecraft-jack-black-1235693816/,movies,"He really loves these video game adaptations. Super Mario, Borderlands, and now Minecraft",2212,2024-01-02 14:03:42
Jason Momoa to Star in ‚ÄòMinecraft‚Äô Movie for Warner Bros. (Confirmed),28573,https://www.hollywoodreporter.com/movies/movie-news/minecraft-movie-jason-momoa-1235131605/,movies,"‚ÄúHey Jason Momoa, would you like a whole shit ton of money?‚Äù

‚ÄúSure, Warner Bros, I‚Äôd love to have a shit ton of money.‚Äù",11639,2022-04-18 16:48:39
Jason Momoa to Star in ‚ÄòMinecraft‚Äô Movie for Warner Bros. (Confirmed),28573,https://www.hollywoodreporter.com/movies/movie-news/minecraft-movie-jason-momoa-1235131605/,movies,'so how do we get the moms to want to come to the movie with their kids?',957,2022-04-18 18:05:02
Jason Momoa to Star in ‚ÄòMinecraft‚Äô Movie for Warner Bros. (Confirmed),28573,https://www.hollywoodreporter.com/movies/movie-news/minecraft-movie-jason-momoa-1235131605/,movies,Let's craft like demons,5067,2022-04-18 16:11:06
Half in the Bag: A Minecraft Movie,996,https://youtu.be/edqa2uBENbM?si=nFl42oS9toGJ4x-r,movies,Huh. It was directed by the guy who did Napoleon Dynamite.,609,2025-04-06 19:35:18
Half in the Bag: A Minecraft Movie,996,https://youtu.be/edqa2uBENbM?si=nFl42oS9toGJ4x-r,movies,That's right Jay,489,2025-04-06 18:25:34
Half in the Bag: A Minecraft Movie,996,https://youtu.be/edqa2uBENbM?si=nFl42oS9toGJ4x-r,movies,Jennifer coolidge and the gym teacher were the best parts,248,2025-04-06 19:09:49
Warner Bros‚Äô Jason Momoa ‚ÄòMinecraft‚Äô Movie Adds Jennifer Coolidge,2684,https://deadline.com/2024/01/minecraft-jennifer-coolidge-1235795092/,movies,What even is this goddamn film.,2935,2024-01-17 11:33:43
Warner Bros‚Äô Jason Momoa ‚ÄòMinecraft‚Äô Movie Adds Jennifer Coolidge,2684,https://deadline.com/2024/01/minecraft-jennifer-coolidge-1235795092/,movies,"These mobs, they're trying to kill me!",604,2024-01-17 11:57:07
Warner Bros‚Äô Jason Momoa ‚ÄòMinecraft‚Äô Movie Adds Jennifer Coolidge,2684,https://deadline.com/2024/01/minecraft-jennifer-coolidge-1235795092/,movies,"So it‚Äôs Mamoa, Jack Black, Danielle Brooks, Emma Meyers, and Coolidge. 

Thats such a random cast for a movie that doesn‚Äôt need to be made.",1244,2024-01-17 11:12:07
Kate McKinnon & Jemaine Clement Join Jason Momoa ‚ÄòMinecraft‚Äô Movie At Warner Bros,2599,https://deadline.com/2024/01/minecraft-kate-mckinnon-jemaine-clement-1235796568/,movies,I mean this in a good way: What the fuck is this movie?,1822,2024-01-18 14:34:54
Kate McKinnon & Jemaine Clement Join Jason Momoa ‚ÄòMinecraft‚Äô Movie At Warner Bros,2599,https://deadline.com/2024/01/minecraft-kate-mckinnon-jemaine-clement-1235796568/,movies,"I repeat what I said when Jennifer Coolidge was cast:

What the fuck is this cast?¬†",413,2024-01-18 14:41:37
Kate McKinnon & Jemaine Clement Join Jason Momoa ‚ÄòMinecraft‚Äô Movie At Warner Bros,2599,https://deadline.com/2024/01/minecraft-kate-mckinnon-jemaine-clement-1235796568/,movies,I can see and hear Jermaine Clement as a Creeper lol,47,2024-01-18 16:37:56
